{
  "Apple, conventional, national average, at orchard": {
    "ciqual_code": null,
    "step": null,
    "dqr": null,
    "empty_process": false,
    "unit": "kilogram",
    "code": "590c11ca7aa7534b27f5403fb4688c5b",
    "simapro_category": "material",
    "system_description": "AGRIBALYSE v1.4",
    "category_tags": [
      "Agricultural",
      "Plant production",
      "Fruits",
      "Transformation"
    ],
    "acd": 0.0009676605651675934,
    "ozd": 9.72203808351042e-08,
    "cch": 0.08638543483250076,
    "fwe": 2.5492672976033305e-05,
    "swe": 0.0004271340414791088,
    "tre": 0.0037359175523914703,
    "pco": 0.000746900029795926,
    "pma": 4.610628896534372e-09,
    "ior": 0.017136974906998288,
    "fru": 1.3879603754971888,
    "mru": 1.6255010310198743e-06,
    "ldu": 12.550810998982165,
    "wtu": 0.024425349117907547,
    "etf": 16.501091265092292,
    "htc": 6.231638408934579e-07,
    "htn": 3.5811407573957025e-09,
    "pef": 0.0008055359801999008
  },
  "Cow milk, national average, at farm gate": {
    "ciqual_code": null,
    "step": null,
    "dqr": null,
    "empty_process": false,
    "unit": "kilogram",
    "code": "6dcf5acf59f35dce15894539dbb4f097",
    "simapro_category": "material",
    "system_description": "AGRIBALYSE v1.4",
    "category_tags": [
      "Agricultural",
      "Animal production",
      "Dairy",
      "Transformation"
    ],
    "acd": 0.013300278009472062,
    "ozd": 7.078427191870894e-08,
    "cch": 1.1830884886106798,
    "fwe": 0.00010621023792806423,
    "swe": 0.00388111607753981,
    "tre": 0.05815007098025101,
    "pco": 0.0017884641023178337,
    "pma": 8.85910685793583e-08,
    "ior": 0.044685765041760535,
    "fru": 2.517505741131,
    "mru": 8.684037050992935e-07,
    "ldu": 67.11959796518809,
    "wtu": 0.16442629783909724,
    "etf": 19.787162961695902,
    "htc": 3.44743966416851e-07,
    "htn": 1.7320551613263936e-08,
    "pef": 0.0005394637884810344
  }
}