{
  "categories": [
    "use"
  ],
  "comment": "Ancien identifiant (12/2024): 2572015b-7320-4ce1-bc99-cc6de371a654.",
  "displayName": "Utilisation : Impact hors repassage (Jupe)",
  "elecMJ": 0.80952,
  "heatMJ": 0,
  "id": "5ca66e62-356c-57ea-81e9-82951cb7f473",
  "impacts": {
    "acd": 9.39401e-05,
    "cch": 0.0340193,
    "etf": 0,
    "etf-c": 0,
    "fru": 0.717395,
    "fwe": 1.10861e-05,
    "htc": 0,
    "htc-c": 0,
    "htn": 0,
    "htn-c": 0,
    "ior": 1.34883,
    "ldu": 1.05972,
    "mru": 1.25858e-07,
    "ozd": 8.43237e-09,
    "pco": 5.66588e-05,
    "pma": 1.93206e-09,
    "swe": 2.00761e-05,
    "tre": 0.000109398,
    "wtu": 0
  },
  "scopes": [
    "textile"
  ],
  "source": "Custom",
  "unit": "kg",
  "waste": 0
}
